ENSCVAP00000024319	ENSCVAG00000008314	Cyprinodon_variegatus
ENSCVAP00000025749	ENSCVAG00000010767	Cyprinodon_variegatus
ENSPNYP00000013740	ENSPNYG00000010420	Pundamilia_nyererei
ENSACLP00000015848	ENSACLG00000010811	Astatotilapia_calliptera
ENSHBUP00000018565	ENSHBUG00000000636	Haplochromis_burtoni
ENSHBUP00000028645	ENSHBUG00000012539	Haplochromis_burtoni
ENSMZEP00005034094	ENSMZEG00005025484	Maylandia_zebra
ENSPMGP00000009610	ENSPMGG00000007965	Periophthalmus_magnuspinnatus
ENSATEP00000033002	ENSATEG00000022742	Anabas_testudineus
ENSHHUP00000067595	ENSHHUG00000039847	Hucho_hucho
ENSHHUP00000067925	ENSHHUG00000040044	Hucho_hucho
ENSGACP00000009923	ENSGACG00000007482	Gasterosteus_aculeatus
ENSMMOP00000018577	ENSMMOG00000014071	Mola_mola
ENSSLDP00000019884	ENSSLDG00000015577	Seriola_lalandi_dorsalis
ENSSMAP00000001995	ENSSMAG00000001251	Scophthalmus_maximus
ENSXMAP00000022199	ENSXMAG00000022701	Xiphophorus_maculatus
ENSXCOP00000011259	ENSXCOG00000008506	Xiphophorus_couchianus
ENSKMAP00000019091	ENSKMAG00000014208	Kryptolebias_marmoratus
ENSOMEP00000027966	ENSOMEG00000010749	Oryzias_melastigma
ENSPRNP00000022782	ENSPRNG00000011689	Parambassis_ranga
ENSELUP00000040561	ENSELUG00000021060	Esox_lucius
ENSORLP00015017867	ENSORLG00015018912	Oryzias_latipes_ASM223469v1
ENSORLP00000039128	ENSORLG00000024487	Oryzias_latipes_ASM223467v1
ENSORLP00020001963	ENSORLG00020002690	Oryzias_latipes_ASM223471v1
ENSOMEP00000027829	ENSOMEG00000010494	Oryzias_melastigma
ENSCVAP00000024390	ENSCVAG00000008425	Cyprinodon_variegatus
ENSGWIP00000012857	ENSGWIG00000007430	Gouania_willdenowi
ENSPRNP00000021585	ENSPRNG00000011150	Parambassis_ranga
ENSLCRP00005027227	ENSLCRG00005010852	Larimichthys_crocea
ENSSDUP00000018188	ENSSDUG00000013280	Seriola_dumerili
ENSCSEP00000008551	ENSCSEG00000005462	Cynoglossus_semilaevis
ENSAMXP00005026520	ENSAMXG00005013362	Astyanax_mexicanus_Astyanax_mexicanus-1.0.2
ENSAMXP00000028041	ENSAMXG00000036181	Astyanax_mexicanus_Astyanax_mexicanus-2.0
ENSCINP00000009385	ENSCING00000004545	Ciona_intestinalis
FBpp0073236	FBgn0030240	Drosophila_melanogaster
FBpp0304146	FBgn0052767	Drosophila_melanogaster
